{"elements":[{"from":[6.8273807,7.9595237,8.344762],"to":[7.570238,8.445238,8.5019045],"rotation":{"angle":0.0,"axis":"y","origin":[12.99881,12.530952,12.244762]},"faces":{"east":{"uv":[0.0,0.0,0.125,0.125],"rotation":0,"texture":"#0","tintindex":0},"south":{"uv":[0.0,0.0,0.125,0.125],"rotation":0,"texture":"#0","tintindex":0},"north":{"uv":[0.0,0.0,0.125,0.125],"rotation":0,"texture":"#0","tintindex":0},"west":{"uv":[0.0,0.0,0.125,0.125],"rotation":0,"texture":"#0","tintindex":0},"up":{"uv":[0.0,0.0,0.125,0.125],"rotation":0,"texture":"#0","tintindex":0},"down":{"uv":[0.0,0.0,0.125,0.125],"rotation":0,"texture":"#0","tintindex":0}}},{"from":[6.784524,7.9595237,8.5019045],"to":[7.6130953,8.445238,8.659047],"rotation":{"angle":0.0,"axis":"y","origin":[12.99881,12.530952,12.2590475]},"faces":{"east":{"uv":[0.0,0.0,0.125,0.125],"rotation":0,"texture":"#0","tintindex":0},"south":{"uv":[0.0,0.0,0.125,0.125],"rotation":0,"texture":"#0","tintindex":0},"north":{"uv":[0.0,0.0,0.125,0.125],"rotation":0,"texture":"#0","tintindex":0},"west":{"uv":[0.0,0.0,0.125,0.125],"rotation":0,"texture":"#0","tintindex":0},"up":{"uv":[0.0,0.0,0.125,0.125],"rotation":0,"texture":"#0","tintindex":0},"down":{"uv":[0.0,0.0,0.125,0.125],"rotation":0,"texture":"#0","tintindex":0}}},{"from":[6.8273807,8.445238,8.5019045],"to":[7.570238,8.473809,8.659047],"rotation":{"angle":0.0,"axis":"y","origin":[12.99881,12.502381,12.2590475]},"faces":{"east":{"uv":[0.0,0.0,0.125,0.125],"rotation":0,"texture":"#0","tintindex":0},"south":{"uv":[0.0,0.0,0.125,0.125],"rotation":0,"texture":"#0","tintindex":0},"north":{"uv":[0.0,0.0,0.125,0.125],"rotation":0,"texture":"#0","tintindex":0},"west":{"uv":[0.0,0.0,0.125,0.125],"rotation":0,"texture":"#0","tintindex":0},"up":{"uv":[0.0,0.0,0.125,0.125],"rotation":0,"texture":"#0","tintindex":0},"down":{"uv":[0.0,0.0,0.125,0.125],"rotation":0,"texture":"#0","tintindex":0}}},{"from":[6.7416663,7.9595237,8.659047],"to":[7.655952,8.502381,8.830476],"rotation":{"angle":0.0,"axis":"y","origin":[12.941667,12.530952,12.244762]},"faces":{"east":{"uv":[0.0,0.0,0.125,0.125],"rotation":0,"texture":"#0","tintindex":0},"south":{"uv":[0.0,0.0,0.125,0.125],"rotation":0,"texture":"#0","tintindex":0},"north":{"uv":[0.0,0.0,0.125,0.125],"rotation":0,"texture":"#0","tintindex":0},"west":{"uv":[0.0,0.0,0.125,0.125],"rotation":0,"texture":"#0","tintindex":0},"up":{"uv":[0.0,0.0,0.125,0.125],"rotation":0,"texture":"#0","tintindex":0},"down":{"uv":[0.0,0.0,0.125,0.125],"rotation":0,"texture":"#0","tintindex":0}}},{"from":[6.6988096,7.9595237,8.830476],"to":[7.6988096,8.502381,9.0019045],"rotation":{"angle":0.0,"axis":"y","origin":[12.941667,12.530952,12.244762]},"faces":{"east":{"uv":[0.0,0.0,0.125,0.125],"rotation":0,"texture":"#0","tintindex":0},"south":{"uv":[0.0,0.0,0.125,0.125],"rotation":0,"texture":"#0","tintindex":0},"north":{"uv":[0.0,0.0,0.125,0.125],"rotation":0,"texture":"#0","tintindex":0},"west":{"uv":[0.0,0.0,0.125,0.125],"rotation":0,"texture":"#0","tintindex":0},"up":{"uv":[0.0,0.0,0.125,0.125],"rotation":0,"texture":"#0","tintindex":0},"down":{"uv":[0.0,0.0,0.125,0.125],"rotation":0,"texture":"#0","tintindex":0}}},{"from":[6.7416663,8.50238,8.830476],"to":[7.655952,8.530952,9.0019045],"rotation":{"angle":0.0,"axis":"y","origin":[12.941667,12.559525,12.244762]},"faces":{"east":{"uv":[0.0,0.0,0.125,0.125],"rotation":0,"texture":"#0","tintindex":0},"south":{"uv":[0.0,0.0,0.125,0.125],"rotation":0,"texture":"#0","tintindex":0},"north":{"uv":[0.0,0.0,0.125,0.125],"rotation":0,"texture":"#0","tintindex":0},"west":{"uv":[0.0,0.0,0.125,0.125],"rotation":0,"texture":"#0","tintindex":0},"up":{"uv":[0.0,0.0,0.125,0.125],"rotation":0,"texture":"#0","tintindex":0},"down":{"uv":[0.0,0.0,0.125,0.125],"rotation":0,"texture":"#0","tintindex":0}}},{"from":[6.655952,7.9595237,9.0019045],"to":[7.7416663,8.559524,9.187619],"rotation":{"angle":0.0,"axis":"y","origin":[12.913095,12.530952,11.444762]},"faces":{"east":{"uv":[0.0,0.0,0.125,0.125],"rotation":0,"texture":"#0","tintindex":0},"south":{"uv":[0.0,0.0,0.125,0.125],"rotation":0,"texture":"#0","tintindex":0},"north":{"uv":[0.0,0.0,0.125,0.125],"rotation":0,"texture":"#0","tintindex":0},"west":{"uv":[0.0,0.0,0.125,0.125],"rotation":0,"texture":"#0","tintindex":0},"up":{"uv":[0.0,0.0,0.125,0.125],"rotation":0,"texture":"#0","tintindex":0},"down":{"uv":[0.0,0.0,0.125,0.125],"rotation":0,"texture":"#0","tintindex":0}}},{"from":[6.6130953,7.9595237,9.187619],"to":[7.784524,8.559524,9.373333],"rotation":{"angle":0.0,"axis":"y","origin":[12.913095,12.530952,11.401905]},"faces":{"east":{"uv":[0.0,0.0,0.125,0.125],"rotation":0,"texture":"#0","tintindex":0},"south":{"uv":[0.0,0.0,0.125,0.125],"rotation":0,"texture":"#0","tintindex":0},"north":{"uv":[0.0,0.0,0.125,0.125],"rotation":0,"texture":"#0","tintindex":0},"west":{"uv":[0.0,0.0,0.125,0.125],"rotation":0,"texture":"#0","tintindex":0},"up":{"uv":[0.0,0.0,0.125,0.125],"rotation":0,"texture":"#0","tintindex":0},"down":{"uv":[0.0,0.0,0.125,0.125],"rotation":0,"texture":"#0","tintindex":0}}},{"from":[6.655952,8.559525,9.187619],"to":[7.7416663,8.588096,9.373333],"rotation":{"angle":0.0,"axis":"y","origin":[12.913095,12.445238,11.401905]},"faces":{"east":{"uv":[0.0,0.0,0.125,0.125],"rotation":0,"texture":"#0","tintindex":0},"south":{"uv":[0.0,0.0,0.125,0.125],"rotation":0,"texture":"#0","tintindex":0},"north":{"uv":[0.0,0.0,0.125,0.125],"rotation":0,"texture":"#0","tintindex":0},"west":{"uv":[0.0,0.0,0.125,0.125],"rotation":0,"texture":"#0","tintindex":0},"up":{"uv":[0.0,0.0,0.125,0.125],"rotation":0,"texture":"#0","tintindex":0},"down":{"uv":[0.0,0.0,0.125,0.125],"rotation":0,"texture":"#0","tintindex":0}}},{"from":[6.5702376,7.9595237,9.373333],"to":[7.82738,8.616667,9.573333],"rotation":{"angle":0.0,"axis":"y","origin":[12.884523,12.530952,11.444762]},"faces":{"east":{"uv":[0.0,0.0,0.125,0.125],"rotation":0,"texture":"#0","tintindex":0},"south":{"uv":[0.0,0.0,0.125,0.125],"rotation":0,"texture":"#0","tintindex":0},"north":{"uv":[0.0,0.0,0.125,0.125],"rotation":0,"texture":"#0","tintindex":0},"west":{"uv":[0.0,0.0,0.125,0.125],"rotation":0,"texture":"#0","tintindex":0},"up":{"uv":[0.0,0.0,0.125,0.125],"rotation":0,"texture":"#0","tintindex":0},"down":{"uv":[0.0,0.0,0.125,0.125],"rotation":0,"texture":"#0","tintindex":0}}},{"from":[6.527381,7.9595237,9.573333],"to":[7.8702383,8.616667,9.773334],"rotation":{"angle":0.0,"axis":"y","origin":[12.884523,12.530952,11.473333]},"faces":{"east":{"uv":[0.0,0.0,0.125,0.125],"rotation":0,"texture":"#0","tintindex":0},"south":{"uv":[0.0,0.0,0.125,0.125],"rotation":0,"texture":"#0","tintindex":0},"north":{"uv":[0.0,0.0,0.125,0.125],"rotation":0,"texture":"#0","tintindex":0},"west":{"uv":[0.0,0.0,0.125,0.125],"rotation":0,"texture":"#0","tintindex":0},"up":{"uv":[0.0,0.0,0.125,0.125],"rotation":0,"texture":"#0","tintindex":0},"down":{"uv":[0.0,0.0,0.125,0.125],"rotation":0,"texture":"#0","tintindex":0}}},{"from":[6.5702376,8.616667,9.573333],"to":[7.82738,8.630953,9.773334],"rotation":{"angle":0.0,"axis":"y","origin":[12.884523,12.502381,11.473333]},"faces":{"east":{"uv":[0.0,0.0,0.125,0.125],"rotation":0,"texture":"#0","tintindex":0},"south":{"uv":[0.0,0.0,0.125,0.125],"rotation":0,"texture":"#0","tintindex":0},"north":{"uv":[0.0,0.0,0.125,0.125],"rotation":0,"texture":"#0","tintindex":0},"west":{"uv":[0.0,0.0,0.125,0.125],"rotation":0,"texture":"#0","tintindex":0},"up":{"uv":[0.0,0.0,0.125,0.125],"rotation":0,"texture":"#0","tintindex":0},"down":{"uv":[0.0,0.0,0.125,0.125],"rotation":0,"texture":"#0","tintindex":0}}},{"from":[6.4845223,7.9595237,9.773334],"to":[7.913094,8.645238,10.201904],"rotation":{"angle":0.0,"axis":"y","origin":[12.855951,12.530952,11.444762]},"faces":{"east":{"uv":[0.0,0.0,0.125,0.125],"rotation":0,"texture":"#0","tintindex":0},"south":{"uv":[0.0,0.0,0.125,0.125],"rotation":0,"texture":"#0","tintindex":0},"north":{"uv":[0.0,0.0,0.125,0.125],"rotation":0,"texture":"#0","tintindex":0},"west":{"uv":[0.0,0.0,0.125,0.125],